{
    "PAW": [
        {
            "lineitem": {
                "shuffle times": 18,
                "hyper times": 0,
                "join cost": 140722333
            },
            "supplier": {
                "shuffle times": 15,
                "hyper times": 0,
                "join cost": 36111968
            },
            "nation": {
                "shuffle times": 11,
                "hyper times": 0,
                "join cost": 28070643
            },
            "part": {
                "shuffle times": 7,
                "hyper times": 0,
                "join cost": 26627802
            },
            "partsupp": {
                "shuffle times": 10,
                "hyper times": 0,
                "join cost": 22169761
            },
            "region": {
                "shuffle times": 2,
                "hyper times": 0,
                "join cost": 9756870
            },
            "customer": {
                "shuffle times": 11,
                "hyper times": 0,
                "join cost": 24779060
            },
            "orders": {
                "shuffle times": 16,
                "hyper times": 0,
                "join cost": 95392148
            },
            "avg": {
                "shuffle times": 11.25,
                "hyper times": 0,
                "join cost": 47953823.125
            }
        },
        {
            "0": 6001215,
            "1": 3076253,
            "2": 12527180,
            "3": 19373364,
            "4": 21493603,
            "5": 18239079,
            "7": 48267364,
            "8": 12476069,
            "9": 2440074,
            "10": 10160043,
            "11": 4950000,
            "12": 6080526,
            "13": 3000000,
            "14": 18603645,
            "15": 24453644,
            "16": 18448368,
            "17": 13019775,
            "18": 21671134,
            "19": 4950000,
            "avg": 14170070.315789474
        },
        {
            "0": 0.5071428571428571,
            "1": 0.30909477640404637,
            "2": 0.5189989791481402,
            "3": 1.256643653290195,
            "4": 0.8676855589720813,
            "5": 0.9983241060545487,
            "7": 2.351188428482231,
            "8": 0.5173102482128062,
            "9": 0.2993856159673228,
            "10": 0.5225775522871376,
            "11": 0.6334149326805385,
            "12": 0.45814849785970774,
            "13": 0.3017578125,
            "14": 1.4813614357962375,
            "15": 1.3785128651383651,
            "16": 1.4786810731462452,
            "17": 0.7279902506905582,
            "18": 1.3093695555407852,
            "19": 0.6334149326805385,
            "avg": 0.8711054279997023
        },
        220.62583136558533
    ],
    "ADP": [
        {
            "lineitem": {
                "shuffle times": 12,
                "hyper times": 6,
                "join cost": 109086219
            },
            "supplier": {
                "shuffle times": 15,
                "hyper times": 0,
                "join cost": 36253448
            },
            "nation": {
                "shuffle times": 11,
                "hyper times": 0,
                "join cost": 28172876
            },
            "part": {
                "shuffle times": 4,
                "hyper times": 3,
                "join cost": 23926108
            },
            "partsupp": {
                "shuffle times": 7,
                "hyper times": 3,
                "join cost": 19559008
            },
            "region": {
                "shuffle times": 2,
                "hyper times": 0,
                "join cost": 9856058
            },
            "customer": {
                "shuffle times": 11,
                "hyper times": 0,
                "join cost": 25563931
            },
            "orders": {
                "shuffle times": 10,
                "hyper times": 6,
                "join cost": 64340707
            },
            "avg": {
                "shuffle times": 9.0,
                "hyper times": 2.25,
                "join cost": 39594794.375
            }
        },
        {
            "0": 6001215,
            "1": 1655119,
            "2": 12527180,
            "3": 7508827,
            "4": 21890353,
            "5": 9181052,
            "7": 34224848,
            "8": 13841410,
            "9": 2440074,
            "10": 4303196,
            "11": 4950000,
            "12": 6169929,
            "13": 1025000,
            "14": 18603645,
            "15": 12386128,
            "16": 18603645,
            "17": 13169403,
            "18": 8519822,
            "19": 4950000,
            "avg": 10628991.894736841
        },
        {
            "0": 0.5071428571428571,
            "1": 0.1566265185576641,
            "2": 0.5189989791481402,
            "3": 0.47251453017893313,
            "4": 0.9114792050411058,
            "5": 0.511459422727936,
            "7": 1.7293304645904892,
            "8": 0.5589794000060123,
            "9": 0.2993856159673228,
            "10": 0.23597984409166192,
            "11": 0.6334149326805385,
            "12": 0.46545325207392063,
            "13": 0.103271484375,
            "14": 1.4813614357962375,
            "15": 0.6940808182221182,
            "16": 1.4813614357962375,
            "17": 0.7381384622126496,
            "18": 0.48984524735772117,
            "19": 0.6334149326805385,
            "avg": 0.664328359928794
        },
        77.23489117622375
    ],
    "JT": [
        {
            "lineitem": {
                "shuffle times": 2,
                "hyper times": 13,
                "join cost": 44688986
            },
            "part": {
                "shuffle times": 1,
                "hyper times": 6,
                "join cost": 9683540
            },
            "partsupp": {
                "shuffle times": 4,
                "hyper times": 5,
                "join cost": 6401297
            },
            "supplier": {
                "shuffle times": 8,
                "hyper times": 7,
                "join cost": 8262878
            },
            "nation": {
                "shuffle times": 4,
                "hyper times": 7,
                "join cost": 318236
            },
            "region": {
                "shuffle times": 2,
                "hyper times": 0,
                "join cost": 105114
            },
            "orders": {
                "shuffle times": 5,
                "hyper times": 9,
                "join cost": 29165400
            },
            "customer": {
                "shuffle times": 6,
                "hyper times": 5,
                "join cost": 6592916
            },
            "avg": {
                "shuffle times": 4.0,
                "hyper times": 6.5,
                "join cost": 13152295.875
            }
        },
        {
            "0": 6001215,
            "1": 1235139,
            "2": 4609017,
            "3": 7699828,
            "4": 7869632,
            "5": 8700572,
            "7": 11783112,
            "8": 5991970,
            "9": 820074,
            "10": 3740345,
            "11": 1650000,
            "12": 2114445,
            "13": 1025000,
            "14": 6388769,
            "15": 10597987,
            "16": 6388769,
            "17": 5827371,
            "18": 8594688,
            "19": 1650000,
            "avg": 5404628.052631579
        },
        {
            "0": 0.5071428571428571,
            "1": 0.11657997857591217,
            "2": 0.29539081561355096,
            "3": 0.48539096011176164,
            "4": 0.5786086095438266,
            "5": 0.6340419836528002,
            "7": 0.5318958382425911,
            "8": 0.30643749092250605,
            "9": 0.09991776448710465,
            "10": 0.19803495655640052,
            "11": 0.21113831089351284,
            "12": 0.15987384951449998,
            "13": 0.103271484375,
            "14": 0.5091114170671696,
            "15": 0.5770979482434834,